id,date,description,amount
T-0601,2026-06-02,STRIPE TRANSFER,4820.00
T-0602,2026-06-03,HOME DEPOT #4410,-843.10
T-0603,2026-06-05,SHELL OIL 57442,-96.40
T-0604,2026-06-08,INTUIT *QUICKBOOKS,-90.00
T-0605,2026-06-10,STRIPE TRANSFER,6210.00
T-0606,2026-06-12,STATE FARM INSURANCE,-412.00
T-0607,2026-06-15,ADP PAYROLL,-5230.00
T-0608,2026-06-18,GREENLEAF NURSERY,-1275.50
T-0609,2026-06-22,COMCAST BUSINESS,-189.99
T-0610,2026-06-24,HOME DEPOT #4410,-212.40
T-0611,2026-06-24,HOME DEPOT #4410,-212.40
T-0612,2026-06-29,STRIPE TRANSFER,3905.00
